Staff_ID,Staff_FName,Staff_LName,Dept,Position,Country,Email,Reporting_Manager,Role,password
130002,Jack,Sim,CEO,MD,Singapore,jack.sim@allinone.com.sg,130002,1,Ph6T2EiR
140001,Derek,Tan,Sales,Director,Singapore,Derek.Tan@allinone.com.sg,130002,1,2ZvBYts7
150008,Eric,Loh,Solutioning,Director,Singapore,Eric.Loh@allinone.com.sg,130002,1,eUqrLJH0
151408,Philip,Lee,Engineering,Director,Singapore,Philip.Lee@allinone.com.sg,130002,1,KVqt2I6x
140894,Rahim,Khalid,Sales,Sales Manager,Singapore,Rahim.Khalid@allinone.com.sg,140001,3,DodMuqfg
140002,Susan,Goh,Sales,Account Manager,Singapore,Susan.Goh@allinone.com.sg,140894,2,c0UWSvYA
140003,Janice,Chan,Sales,Account Manager,Singapore,Janice.Chan@allinone.com.sg,140894,2,EJOupeRC
140004,Mary,Teo,Sales,Account Manager,Singapore,Mary.Teo@allinone.com.sg,140894,2,RM50uNHL
140015,Oliva,Lim,Sales,Account Manager,Singapore,Oliva.Lim@allinone.com.sg,140894,2,7wxAPxnL
140025,Emma,Heng,Sales,Account Manager,Singapore,Emma.Heng@allinone.com.sg,140894,2,70ERTDhD
140036,Charlotte,Wong,Sales,Account Manager,Singapore,Charlotte.Wong@allinone.com.sg,140894,2,pP4uHl7S
140078,Amelia,Ong,Sales,Account Manager,Singapore,Amelia.Ong@allinone.com.sg,140894,2,7rVlD46E
140102,Eva,Yong,Sales,Account Manager,Singapore,Eva.Yong@allinone.com.sg,140894,2,kEzJk5xy
140108,Liam,The,Sales,Account Manager,Singapore,Liam.The@allinone.com.sg,140894,2,JeQywntk
140115,Noah,Ng,Sales,Account Manager,Singapore,Noah.Ng@allinone.com.sg,140894,2,clsdxBl1
140525,Oliver,Tan,Sales,Account Manager,Singapore,Oliver.Tan@allinone.com.sg,140894,2,tn1dtECg
140736,William,Fu,Sales,Account Manager,Singapore,William.Fu@allinone.com.sg,140894,2,y6Upairk
140878,James,Tong,Sales,Account Manager,Singapore,James.Tong@allinone.com.sg,140894,2,Q2MlfvSu
140880,Heng,Chan,Sales,Account Manager,Singapore,Heng.Chan@allinone.com.sg,140008,2,NYeBLHpI
140881,Rina,Tan,Sales,Account Manager,Singapore,Rina.Tan@allinone.com.sg,140008,2,g5A0ZSrT
140882,Boun,Souk,Sales,Account Manager,Singapore,Boun.Souk@allinone.com.sg,140008,2,rLAzcI79
140883,Aung,Kyaw,Sales,Account Manager,Singapore,Aung.Kyaw@allinone.com.sg,140008,2,CEgJt51Q
140886,Thuy,Nguyen,Sales,Account Manager,Singapore,Thuy.Nguyen@allinone.com.sg,140008,2,c8CYcPx8
140887,Rajesh,Kumar,Sales,Account Manager,Singapore,Rajesh.Kumar@allinone.com.sg,140008,2,NLoKjclZ
140888,Koh,Lim,Sales,Account Manager,Singapore,Koh.Lim@allinone.com.sg,140008,2,n49AnJW8
140889,Somchai,Somboon,Sales,Account Manager,Singapore,Somchai.Somboon@allinone.com.sg,140008,2,P2QP7x80
140890,Seng,Lee,Sales,Account Manager,Singapore,Seng.Lee@allinone.com.sg,140008,2,hSSdXcsI
140891,Anh,Tran,Sales,Account Manager,Singapore,Anh.Tran@allinone.com.sg,140008,2,0p5ZY3ub
140892,Ratana,Chen,Sales,Account Manager,Singapore,Ratana.Chen@allinone.com.sg,140008,2,TbJS20tn
140893,Bui,Nguyen,Sales,Account Manager,Singapore,Bui.Nguyen@allinone.com.sg,140103,2,8nVBHS0E
140895,Dewi,Putri,Sales,Account Manager,Singapore,Dewi.Putri@allinone.com.sg,140103,2,G6PykHJX
140898,Sokha,Seng,Sales,Account Manager,Singapore,Sokha.Seng@allinone.com.sg,140103,2,4YozkhS2
140900,Tuan,Nguyen,Sales,Account Manager,Singapore,Tuan.Nguyen@allinone.com.sg,140103,2,MpKxhAMK
140901,Bao,Luu,Sales,Account Manager,Singapore,Bao.Luu@allinone.com.sg,140103,2,RyqFMiZ4
140940,Siti,Ahmad,Sales,Account Manager,Singapore,Siti.Ahmad@allinone.com.sg,140879,2,VGRyRx5W
140941,Chandra,Rai,Sales,Account Manager,Singapore,Chandra.Rai@allinone.com.sg,140879,2,txbEC3ZI
140942,Ratana,Keo,Sales,Account Manager,Singapore,Ratana.Keo@allinone.com.sg,140879,2,OaJ1JYqI
140945,Wai,Yong,Sales,Account Manager,Singapore,Wai.Yong@allinone.com.sg,140879,2,pJ2ktsNG
140947,Thi,Pham,Sales,Account Manager,Singapore,Thi.Pham@allinone.com.sg,140879,2,FOpFfAtl
140948,Nara,Sok,Sales,Account Manager,Singapore,Nara.Sok@allinone.com.sg,140879,2,sxDNS3bs
140008,Jaclyn,Lee,Sales,Sales Manager,Singapore,Jaclyn.Lee@allinone.com.sg,140001,3,goQYIY4M
140927,Chin,Lim,Sales,Account Manager,Hong Kong,Chin.Lim@allinone.com.hk,140879,2,kbuqxxKJ
140928,Sok,Chhay,Sales,Account Manager,Hong Kong,Sok.Chhay@allinone.com.hk,140879,2,QjZvNUou
140929,Tat,Nguyen,Sales,Account Manager,Hong Kong,Tat.Nguyen@allinone.com.hk,140879,2,joKANHYt
140933,Hlaing,Sithu,Sales,Account Manager,Hong Kong,Hlaing.Sithu@allinone.com.hk,140879,2,eAR6eb5V
140934,Santhi,Perumal,Sales,Account Manager,Hong Kong,Santhi.Perumal@allinone.com.hk,140879,2,eMaLB0r5
140935,Hakim,Siregar,Sales,Account Manager,Hong Kong,Hakim.Siregar@allinone.com.hk,140879,2,hzQrOlEj
140937,Sirirat,Chaiyaporn,Sales,Account Manager,Hong Kong,Sirirat.Chaiyaporn@allinone.com.hk,140879,2,XXQvFJ6S
140938,Chinh,Tran,Sales,Account Manager,Hong Kong,Chinh.Tran@allinone.com.hk,140879,2,769KlL3C
140103,Sophia,Toh,Sales,Sales Manager,Singapore,Sophia.Toh@allinone.com.sg,140001,3,Iz00ZCsP
140910,Rina,Siriporn,Sales,Account Manager,Indonesia ,Rina.Siriporn@allinone.com.id,140879,2,3Spy9eYP
140911,Minh,Ly,Sales,Account Manager,Indonesia ,Minh.Ly@allinone.com.id,140944,2,z06qSN9V
140912,Chandara,Kim,Sales,Account Manager,Indonesia ,Chandara.Kim@allinone.com.id,140944,2,lZTsL4L6
140917,Heng,Phan,Sales,Account Manager,Indonesia ,Heng.Phan@allinone.com.id,140944,2,yR0qI4Wl
140918,Nara,Khun,Sales,Account Manager,Indonesia ,Nara.Khun@allinone.com.id,140944,2,9ZJhvpH3
140919,Priya,Malik,Sales,Account Manager,Indonesia ,Priya.Malik@allinone.com.id,140944,2,yZXMlV6q
140879,Siti,Abdullah,Sales,Sales Manager,Singapore,Siti.Abdullah@allinone.com.sg,140001,3,O72kpwlO
140903,Amara,Singh,Sales,Account Manager,Malaysia,Amara.Singh@allinone.com.my,140944,2,RwnEXbhI
140904,Srey,Mao,Sales,Account Manager,Malaysia,Srey.Mao@allinone.com.my,140944,2,cHCkotaK
140905,Phuc,Le,Sales,Account Manager,Malaysia,Phuc.Le@allinone.com.my,140944,2,2cirhSRT
140908,Arifin,Saputra,Sales,Account Manager,Malaysia,Arifin.Saputra@allinone.com.my,140944,2,kAFjZYrd
140909,Siti,Salleh,Sales,Account Manager,Malaysia,Siti.Salleh@allinone.com.my,140944,2,qNxq7h4f
140944,Yee,Lim,Sales,Sales Manager,Singapore,Yee.Lim@allinone.com.sg,140001,3,fucJFTfo
140923,Ngoc,Trinh,Sales,Account Manager,Vietnam,Ngoc.Trinh@allinone.com.vn,140944,2,WJndzqTb
140924,Manoj,Kumar,Sales,Account Manager,Vietnam,Manoj.Kumar@allinone.com.vn,140944,2,SD9akXHI
140925,Anh,Pham,Sales,Account Manager,Vietnam,Anh.Pham@allinone.com.vn,140944,2,oC5QGAg3
140926,Somsak,Somsri,Sales,Account Manager,Vietnam,Somsak.Somsri@allinone.com.vn,140944,2,4S4jWT3V
150143,John,Lim,Engineering,Senior Engineers,Singapore,John.Lim@allinone.com.sg,151408,2,57FMkjqE
150065,Noah,Goh,Engineering,Senior Engineers,Singapore,Noah.Goh@allinone.com.sg,151408,2,CcunM6pl
150075,Liam,Tan,Engineering,Senior Engineers,Singapore,Liam.Tan@allinone.com.sg,151408,2,qOAArPlC
150076,Oliver,Chan,Engineering,Junior Engineers,Singapore,Oliver.Chan@allinone.com.sg,151408,2,tMY6t4qI
150085,Michael,Ng,Engineering,Junior Engineers,Singapore,Michael.Ng@allinone.com.sg,151408,2,Z6QMD3O4
150095,Alexander,The,Engineering,Junior Engineers,Singapore,Alexander.The@allinone.com.sg,151408,2,f1SgOQUz
150096,Ethan,Tan,Engineering,Junior Engineers,Singapore,Ethan.Tan@allinone.com.sg,151408,2,SEHECVrB
150115,Jaclyn,Poh,Engineering,Junior Engineers,Singapore,Jaclyn.Poh@allinone.com.sg,151408,2,lJXulPaw
150118,William,Teo,Engineering,Junior Engineers,Singapore,William.Teo@allinone.com.sg,151408,2,o8FD73zL
150125,Mary,Ma,Engineering,Junior Engineers,Singapore,Mary.Ma@allinone.com.sg,151408,2,ydXrSW8c
150126,Oliva,Lam,Engineering,Junior Engineers,Singapore,Oliva.Lam@allinone.com.sg,151408,2,gF1N2m7X
150138,Daniel,Fu,Engineering,Junior Engineers,Singapore,Daniel.Fu@allinone.com.sg,151408,2,J2h3ekx2
150142,James,Lee,Engineering,Junior Engineers,Singapore,James.Lee@allinone.com.sg,151408,2,A2lBMIlk
150245,Benjamin,Tan,Engineering,Call Centre,Singapore,Benjamin.Tan@allinone.com.sg,151408,2,xTjevgM6
150148,Jack,Heng,Engineering,Call Centre,Singapore,Jack.Heng@allinone.com.sg,151408,2,xX3gdMBR
150155,Derek,Wong,Engineering,Call Centre,Singapore,Derek.Wong@allinone.com.sg,151408,2,lpjROWmv
150162,Jacob,Tong,Engineering,Call Centre,Singapore,Jacob.Tong@allinone.com.sg,151408,2,BxzoY8TX
150163,Logan,Loh,Engineering,Call Centre,Singapore,Logan.Loh@allinone.com.sg,151408,2,3vOQLsGv
150165,Jacob,Ming,Engineering,Call Centre,Singapore,Jacob.Ming@allinone.com.sg,151408,2,TuaBVmLf
150166,James,Fu,Engineering,Call Centre,Singapore,James.Fu@allinone.com.sg,151408,2,1qZU2JrC
150168,John,Fu,Engineering,Call Centre,Singapore,John.Fu@allinone.com.sg,151408,2,xuMymwKe
150175,Jack,Tan,Engineering,Call Centre,Singapore,Jack.Tan@allinone.com.sg,151408,2,4h3hbKm0
150192,Derek,Heng,Engineering,Call Centre,Singapore,Derek.Heng@allinone.com.sg,151408,2,39vChUHB
150193,Benjamin,Wong,Engineering,Call Centre,Singapore,Benjamin.Wong@allinone.com.sg,151408,2,AxeLs2Mz
150198,Lucas,Ong,Engineering,Call Centre,Singapore,Lucas.Ong@allinone.com.sg,151408,2,OSnKKkWP
150205,Ethan,Yong,Engineering,Call Centre,Singapore,Ethan.Yong@allinone.com.sg,151408,2,vtQnO55G
150208,Daniel,Tong,Engineering,Call Centre,Singapore,Daniel.Tong@allinone.com.sg,151408,2,ZHIKXiUX
150215,Jacob,Lee,Engineering,Call Centre,Singapore,Jacob.Lee@allinone.com.sg,151408,2,t0RDLtnw
150216,Logan,Lim,Engineering,Call Centre,Singapore,Logan.Lim@allinone.com.sg,151408,2,Hm5osEfd
150232,Jackson,Loh,Engineering,Call Centre,Singapore,Jackson.Loh@allinone.com.sg,151408,2,Zmp4l8uY
150233,Aiden,Tan,Engineering,Call Centre,Singapore,Aiden.Tan@allinone.com.sg,151408,2,ewxQwA8b
150238,Samuel,Tong,Engineering,Call Centre,Singapore,Samuel.Tong@allinone.com.sg,151408,2,cPRGFsbW
150345,William,Heng,Engineering,Senior Engineers,Singapore,William.Heng@allinone.com.sg,151408,2,slwbzHev
150258,Daniel,Heng,Engineering,Senior Engineers,Singapore,Daniel.Heng@allinone.com.sg,151408,2,9InaCxds
150265,Jaclyn,Tong,Engineering,Senior Engineers,Singapore,Jaclyn.Tong@allinone.com.sg,151408,2,o8rvSA8Y
150275,Mary,Fu,Engineering,Junior Engineers,Singapore,Mary.Fu@allinone.com.sg,151408,2,BZpVLmiD
150276,Oliva,Loh,Engineering,Junior Engineers,Singapore,Oliva.Loh@allinone.com.sg,151408,2,M4dzdLHW
150282,Jacob,Wong,Engineering,Junior Engineers,Singapore,Jacob.Wong@allinone.com.sg,151408,2,IvMPcVov
150283,Logan,Ong,Engineering,Junior Engineers,Singapore,Logan.Ong@allinone.com.sg,151408,2,8EUaRsRH
150288,Jackson,Yong,Engineering,Junior Engineers,Singapore,Jackson.Yong@allinone.com.sg,151408,2,vkCNlpEl
150295,Aiden,Toh,Engineering,Junior Engineers,Singapore,Aiden.Toh@allinone.com.sg,151408,2,MogWh6mG
150318,Emma,Tan,Engineering,Junior Engineers,Singapore,Emma.Tan@allinone.com.sg,151408,2,J4DfkBNr
150342,Charlotte,Tan,Engineering,Junior Engineers,Singapore,Charlotte.Tan@allinone.com.sg,151408,2,pGWirHHR
150343,Amelia,Tan,Engineering,Junior Engineers,Singapore,Amelia.Tan@allinone.com.sg,151408,2,C3gSdJzp
150555,Jaclyn,Wong,Engineering,Call Centre,Singapore,Jaclyn.Wong@allinone.com.sg,151408,2,b0QM9kEV
150348,Eva,Goh,Engineering,Call Centre,Singapore,Eva.Goh@allinone.com.sg,151408,2,XD4esRsr
150355,Sophia,Chan,Engineering,Call Centre,Singapore,Sophia.Chan@allinone.com.sg,151408,2,iIJbY2UB
150356,James,Wong,Engineering,Call Centre,Singapore,James.Wong@allinone.com.sg,151408,2,wejtrifu
150398,John,Ong,Engineering,Call Centre,Singapore,John.Ong@allinone.com.sg,151408,2,V2xVHxAh
150422,Jack,Yong,Engineering,Call Centre,Singapore,Jack.Yong@allinone.com.sg,151408,2,fMYH7RjF
150423,Derek,Toh,Engineering,Call Centre,Singapore,Derek.Toh@allinone.com.sg,151408,2,pR8yrRzo
150428,Benjamin,The,Engineering,Call Centre,Singapore,Benjamin.The@allinone.com.sg,151408,2,3fEoTerZ
150435,Lucas,Ng,Engineering,Call Centre,Singapore,Lucas.Ng@allinone.com.sg,151408,2,hLJkb56q
150445,Ethan,Loh,Engineering,Call Centre,Singapore,Ethan.Loh@allinone.com.sg,151408,2,tGc99xQq
150446,Daniel,Tan,Engineering,Call Centre,Singapore,Daniel.Tan@allinone.com.sg,151408,2,3GGdrLRW
150488,Jacob,Tan,Engineering,Call Centre,Singapore,Jacob.Tan@allinone.com.sg,151408,2,CfgOaA4N
150512,Logan,Tan,Engineering,Call Centre,Singapore,Logan.Tan@allinone.com.sg,151408,2,0OWyXBLr
150513,Jackson,Goh,Engineering,Call Centre,Singapore,Jackson.Goh@allinone.com.sg,151408,2,yNmnHt5P
150518,Aiden,Chan,Engineering,Call Centre,Singapore,Aiden.Chan@allinone.com.sg,151408,2,qV3eCovF
150525,Samuel,Teo,Engineering,Call Centre,Singapore,Samuel.Teo@allinone.com.sg,151408,2,a9WYNhnm
151410,Phuong,Dinh,Engineering,Operation Planning Team,Singapore,Phuong.Dinh@allinone.com.sg,151408,2,Yc8PshLh
150866,Henry,Chan,Engineering,Senior Engineers,Singapore,Henry.Chan@allinone.com.sg,151408,2,trIk5JD1
150565,Benjamin,Ong,Engineering,Senior Engineers,Singapore,Benjamin.Ong@allinone.com.sg,151408,2,fk6ieVmk
150566,Oliva,Ong,Engineering,Senior Engineers,Singapore,Oliva.Ong@allinone.com.sg,151408,2,H6fBFHbp
150585,Samuel,Tan,Engineering,Junior Engineers,Singapore,Samuel.Tan@allinone.com.sg,151408,2,cABzfrPC
150608,Emma,Yong,Engineering,Junior Engineers,Singapore,Emma.Yong@allinone.com.sg,151408,2,iCqWe1PY
150615,Sophie,Toh,Engineering,Junior Engineers,Singapore,Sophie.Toh@allinone.com.sg,151408,2,vEx1kA92
150632,Charlotte,Toh,Engineering,Junior Engineers,Singapore,Charlotte.Toh@allinone.com.sg,151408,2,242aEGNd
150633,Amelia,The,Engineering,Junior Engineers,Singapore,Amelia.The@allinone.com.sg,151408,2,8udroKzh
150638,Eva,Ng,Engineering,Junior Engineers,Singapore,Eva.Ng@allinone.com.sg,151408,2,4HAznGVH
150645,Sophia,Tan,Engineering,Junior Engineers,Singapore,Sophia.Tan@allinone.com.sg,151408,2,RSdEYafF
150655,Lucas,Goh,Engineering,Junior Engineers,Singapore,Lucas.Goh@allinone.com.sg,151408,2,TYbn1nsu
150695,William,Tan,Engineering,Junior Engineers,Singapore,William.Tan@allinone.com.sg,151408,2,BXirqXhw
150705,Samuel,The,Engineering,Junior Engineers,Singapore,Samuel.The@allinone.com.sg,151408,2,BOpWVOib
150765,Liam,Teo,Engineering,Junior Engineers,Singapore,Liam.Teo@allinone.com.sg,151408,2,Xp2C8yo4
150776,Lucas,Yong,Engineering,Junior Engineers,Singapore,Lucas.Yong@allinone.com.sg,151408,2,GGGLehvw
150796,Susan,Teo,Engineering,Junior Engineers,Singapore,Susan.Teo@allinone.com.sg,151408,2,owaRNLaU
150826,LiamMing,Fu,Engineering,Junior Engineers,Singapore,LiamMing.Fu@allinone.com.sg,151408,2,EFtNju76
150845,Henry,Fu,Engineering,Junior Engineers,Singapore,Henry.Fu@allinone.com.sg,151408,2,HDouENBg
150938,Jani,Tan,Engineering,Junior Engineers,Singapore,Jani.Tan@allinone.com.sg,151408,2,mRLXVXgI
150968,Noah,Lim,Engineering,Junior Engineers,Singapore,Noah.Lim@allinone.com.sg,151408,2,CsVpmCkG
150976,Noah,Lee,Engineering,Junior Engineers,Singapore,Noah.Lee@allinone.com.sg,151408,2,9kTfvM8L
150916,Susan,Ng,Engineering,Operation Planning Team,Singapore,Susan.Ng@allinone.com.sg,151408,2,9hjpTx7d
150918,Henry,Toh,Engineering,Operation Planning Team,Singapore,Henry.Toh@allinone.com.sg,151408,2,1E1jJtbe
150935,Susan,Lee,Engineering,Operation Planning Team,Singapore,Susan.Lee@allinone.com.sg,151408,2,ckyndVCJ
151008,Alexander,Teo,Engineering,Operation Planning Team,Singapore,Alexander.Teo@allinone.com.sg,151408,2,Td23l5l0
151055,Liam,Fu,Engineering,Operation Planning Team,Singapore,Liam.Fu@allinone.com.sg,151408,2,9facEaTb
151056,Alexander,Fu,Engineering,Operation Planning Team,Singapore,Alexander.Fu@allinone.com.sg,151408,2,wUFKuIHX
151058,Janice,Tan,Engineering,Operation Planning Team,Singapore,Janice.Tan@allinone.com.sg,151408,2,ZmYj1ptN
151118,Oliver,Lim,Engineering,Operation Planning Team,Singapore,Oliver.Lim@allinone.com.sg,151408,2,L7OkgVrQ
151146,Janice,Lim,Engineering,Operation Planning Team,Singapore,Janice.Lim@allinone.com.sg,151408,2,YlJROQuc
151198,Michael,Tong,Engineering,Operation Planning Team,Singapore,Michael.Tong@allinone.com.sg,151408,2,DAb91HCJ
151266,Noah,Tong,Engineering,Operation Planning Team,Singapore,Noah.Tong@allinone.com.sg,151408,2,0W0PgFBR
151288,Mary,Heng,Engineering,Operation Planning Team,Singapore,Mary.Heng@allinone.com.sg,151408,2,SdgCU3ZM
151407,Oliver,Loh,Engineering,Operation Planning Team,Singapore,Oliver.Loh@allinone.com.sg,151408,2,BxIucXJQ
151441,Minh,Hoang,Engineering,Senior Engineers,Singapore,Minh.Hoang@allinone.com.sg,151408,2,CYVtCYoe
151411,Bao,Nguyen,Engineering,Junior Engineers,Singapore,Bao.Nguyen@allinone.com.sg,151408,2,6EcIe0FM
151412,Wati,Halim,Engineering,Junior Engineers,Singapore,Wati.Halim@allinone.com.sg,151408,2,huqNOnqo
151413,Seng,Soeun,Engineering,Junior Engineers,Singapore,Seng.Soeun@allinone.com.sg,151408,2,hpAcDPLi
151452,Rithya,Suon,Engineering,Operation Planning Team,Indonesia ,Rithya.Suon@allinone.com.id,151408,2,YEmm7Fwl
151414,Yun,Lee,Engineering,Operation Planning Team,Indonesia ,Yun.Lee@allinone.com.id,151408,2,w8yU1UFF
160008,Sally,Loh,HR,Director,Singapore,Sally.Loh@allinone.com.sg,130002,1,Etxwo7mF
170166,David,Yap,Finance,Director,Singapore,David.Yap@allinone.com.sg,130002,1,eeneQtQZ
180001,Ernst,Sim,Consultancy,Director,Singapore,Ernst.Sim@allinone.com.sg,130002,1,UYu644qe
210001,Peter,Yap,IT,Director,Singapore,Peter.aypallinone.com.sg,130002,1,2QN3Etdp
190019,Heng,Sim,Solutioning,Developers,Singapore,Heng.Sim@allinone.com.sg,150008,2,grQNiKWk
190037,Susi,Abdullah,Solutioning,Developers,Singapore,Susi.Abdullah@allinone.com.sg,150008,2,pVcIlBsS
190059,Phuc,Le,Solutioning,Support Team,Singapore,Phuc.Le@allinone.com.sg,150008,2,ocJFbMT3
190067,Minh,Ly,Solutioning,Support Team,Malaysia,Minh.Ly@allinone.com.sg,150008,2,f5Hvedmj
190070,Narah,Khun,Solutioning,Support Team,Indonesia ,Narah.Khun@allinone.com.sg,150008,2,zuZbxo2X
190077,Anhu,Pham,Solutioning,Support Team,Vietnam,Anhu.Pham@allinone.com.sg,150008,2,ggle1p7E
190086,Hlaing,Situ,Solutioning,Support Team,Hong Kong,Hlaing.Situ@allinone.com.sg,150008,2,7SwlNMe3
190093,Chandra,Raj,Solutioning,Support Team,Singapore,Chandra.Raj@allinone.com.sg,150008,2,duXlsLln
151505,Thi,Lam,Engineering,Junior Engineers,Singapore,Thi.Lam@allinone.com.sg,151408,2,E0TE3ZSZ
151506,Vannak,Sok,Engineering,Junior Engineers,Singapore,Vannak.Sok@allinone.com.sg,151408,2,NDnd5O2j
151507,Phuong,Nguyen,Engineering,Junior Engineers,Singapore,Phuong.Nguyen@allinone.com.sg,151408,2,54tlGq9P
151508,Srey,Makara,Engineering,Junior Engineers,Singapore,Srey.Makara@allinone.com.sg,151408,2,o3ztAJ3M
151509,Hlaing,Kyaw,Engineering,Junior Engineers,Singapore,Hlaing.Kyaw@allinone.com.sg,151408,2,eMZGzv5D
151512,Chin,Heng,Engineering,Junior Engineers,Singapore,Chin.Heng@allinone.com.sg,151408,2,h1fU19v1
151514,Somchai,Phan,Engineering,Junior Engineers,Singapore,Somchai.Phan@allinone.com.sg,151408,2,8nu1jjIr
151517,Chinh,Tran,Engineering,Junior Engineers,Singapore,Chinh.Tran@allinone.com.sg,151408,2,SMXd16HU
151518,Yee,Liu,Engineering,Call Centre,Singapore,Yee.Liu@allinone.com.sg,151408,2,fRA6jOsW
151520,Sokunthea,Soy,Engineering,Call Centre,Singapore,Sokunthea.Soy@allinone.com.sg,151408,2,FMVEbbUT
151521,Champa,Thach,Engineering,Call Centre,Singapore,Champa.Thach@allinone.com.sg,151408,2,Jk6jhdWU
151523,Rahim,Ramli,Engineering,Call Centre,Singapore,Rahim.Ramli@allinone.com.sg,151408,2,c9EwwNT6
151524,Hakim,Hassan,Engineering,Call Centre,Singapore,Hakim.Hassan@allinone.com.sg,151408,2,pexgwnEs
151525,Trung,Le,Engineering,Call Centre,Singapore,Trung.Le@allinone.com.sg,151408,2,mlQF4HPI
151526,Seng,Chhour,Engineering,Call Centre,Singapore,Seng.Chhour@allinone.com.sg,151408,2,dKSF1MsZ
151528,Phuc,Phung,Engineering,Call Centre,Singapore,Phuc.Phung@allinone.com.sg,151408,2,bYT2l6qL
151533,Soma,San,Engineering,Call Centre,Singapore,Soma.San@allinone.com.sg,151408,2,OZaeDlrA
151535,Vannak,Soun,Engineering,Call Centre,Singapore,Vannak.Soun@allinone.com.sg,151408,2,Vh7KsRsr
151536,Kumara,Suon,Engineering,Call Centre,Singapore,Kumara.Suon@allinone.com.sg,151408,2,jJrgJYE3
151539,Siti,Yusof,Engineering,Junior Engineers,Singapore,Siti.Yusof@allinone.com.sg,151408,2,Y3m7PBuU
151540,Chanh,Sin,Engineering,Junior Engineers,Singapore,Chanh.Sin@allinone.com.sg,151408,2,Dg0OXU23
151541,Anhu,Tran,Engineering,Junior Engineers,Singapore,Anhu.Tran@allinone.com.sg,151408,2,X75nvulw
151543,Priya,Krishnan,Engineering,Junior Engineers,Singapore,Priya.Krishnan@allinone.com.sg,151408,2,VfyMddsI
151544,Nanda,Lal,Engineering,Junior Engineers,Singapore,Nanda.Lal@allinone.com.sg,151408,2,dzk78EE7
151545,Rithy,Khun,Engineering,Junior Engineers,Singapore,Rithy.Khun@allinone.com.sg,151408,2,PlxEeSFK
151547,Koh,Loo,Engineering,Junior Engineers,Singapore,Koh.Loo@allinone.com.sg,151408,2,jKU8tP4p
151549,Kumari,Pillai,Engineering,Junior Engineers,Singapore,Kumari.Pillai@allinone.com.sg,151408,2,CxILjXY5
151556,Thi,Ling,Engineering,Junior Engineers,Singapore,Thi.Ling@allinone.com.sg,151408,2,n6TuKEfd
151558,Vannak,Seng,Engineering,Junior Engineers,Singapore,Vannak.Seng@allinone.com.sg,151408,2,FKG162kq
151560,Somchai,Kong,Engineering,Junior Engineers,Singapore,Somchai.Kong@allinone.com.sg,151408,2,WLXzxy8n
151561,Rath,Khun,Engineering,Junior Engineers,Singapore,Rath.Khun@allinone.com.sg,151408,2,n5MrlHmI
151562,Chinh,Nguyen,Engineering,Call Centre,Singapore,Chinh.Nguyen@allinone.com.sg,151408,2,ZLSlUJET
151563,Yee,Chong,Engineering,Call Centre,Singapore,Yee.Chong@allinone.com.sg,151408,2,IswpLJpw
151564,Heng,Phal,Engineering,Call Centre,Singapore,Heng.Phal@allinone.com.sg,151408,2,gcnRcMeE
151567,Sokunthea,Seng,Engineering,Call Centre,Singapore,Sokunthea.Seng@allinone.com.sg,151408,2,SQ5Q7YVq
151570,Rahim,Harun,Engineering,Call Centre,Singapore,Rahim.Harun@allinone.com.sg,151408,2,b8KN34Wk
151573,Trung,Nguyen,Engineering,Call Centre,Singapore,Trung.Nguyen@allinone.com.sg,151408,2,PEQHu4y6
151575,Narong,Savoeun,Engineering,Call Centre,Singapore,Narong.Savoeun@allinone.com.sg,151408,2,tgk6y7vl
151576,Phuc,Luong,Engineering,Call Centre,Singapore,Phuc.Luong@allinone.com.sg,151408,2,04MryPnE
151579,Soma,Voeun,Engineering,Call Centre,Singapore,Soma.Voeun@allinone.com.sg,151408,2,h02jfUxc
151580,Siv,Sothea,Engineering,Call Centre,Singapore,Siv.Sothea@allinone.com.sg,151408,2,IAsttBkA
151581,Vannak,Samnang,Engineering,Call Centre,Singapore,Vannak.Samnang@allinone.com.sg,151408,2,29tb9uKb
151582,Kumara,Sareth,Engineering,Call Centre,Singapore,Kumara.Sareth@allinone.com.sg,151408,2,QQt5MOKC
151583,Sok,Kheng,Engineering,Call Centre,Singapore,Sok.Kheng@allinone.com.sg,151408,2,IixZj9qm
151584,Siti,Yusuf,Engineering,Call Centre,Singapore,Siti.Yusuf@allinone.com.sg,151408,2,Jq3Jkl9V
151589,Anh,Van,Engineering,Junior Engineers,Singapore,Anh.Van@allinone.com.sg,151408,2,ImIrpjKo
151590,Priya,Kumar,Engineering,Junior Engineers,Malaysia,Priya.Kumar@allinone.com.my,151408,2,WyQ9PIps
151591,Nanda,Kesavan,Engineering,Junior Engineers,Singapore,Nanda.Kesavan@allinone.com.sg,151408,2,VR7YWtId
151595,Mani,Devi,Engineering,Junior Engineers,Singapore,Mani.Devi@allinone.com.sg,151408,2,FvuOO499
151596,Koh,Seng,Engineering,Junior Engineers,Singapore,Koh.Seng@allinone.com.sg,151408,2,OiD05qas
151598,Kumaru,Pillai,Engineering,Junior Engineers,Singapore,Kumaru.Pillai@allinone.com.sg,151408,2,Wwidtao5
151439,Ji,Han,Engineering,Senior Engineers,Vietnam,Ji.Han@allinone.com.vn,151408,2,o7dZsZyv
151443,Anil,Kumar,Engineering,Senior Engineers,Hong Kong,Anil.Kumar@allinone.com.hk,151408,2,821Kkkg2
151457,Chandra,Pandey,Engineering,Senior Engineers,Malaysia,Chandra.Pandey@allinone.com.my,151408,2,st2s7oKZ
151471,Chanh,Ly,Engineering,Senior Engineers,Singapore,Chanh.Ly@allinone.com.sg,151408,2,x6ESIXtm
151600,Narong,Chua,Engineering,Senior Engineers,Singapore,Narong.Chua@allinone.com.sg,151408,2,CaLgALFG
151601,Thi Mih,Ling,Engineering,Operation Planning Team,Singapore,ThiMih.Ling@allinone.com.sg,151408,2,OOeFqmaG
151602,Vannah,Seng,Engineering,Operation Planning Team,Singapore,Vannah.Seng@allinone.com.sg,151408,2,tUG74loM
151603,Phuong,Truong,Engineering,Operation Planning Team,Singapore,Phuong.Truong@allinone.com.sg,151408,2,zDwUJql6
151418,Chandara,Khun,Engineering,Senior Engineers,Vietnam,Chandara.Khun@allinone.com.vn,151408,2,psEt1D3e
151459,Phalla,Yong,Engineering,Junior Engineers,Vietnam,Phalla.Yong@allinone.com.vn,151408,2,UNEeEgxQ
151481,Phuc,Lam,Engineering,Junior Engineers,Vietnam,Phuc.Lam@allinone.com.vn,151408,2,KVpiF7xD
151498,Mani,Prasad,Engineering,Junior Engineers,Vietnam,Mani.Prasad@allinone.com.vn,151408,2,xtplmLsO
151515,Rath,Sim,Engineering,Junior Engineers,Vietnam,Rath.Sim@allinone.com.vn,151408,2,h5sWSRGg
151534,Siv,Savuth,Engineering,Junior Engineers,Vietnam,Siv.Savuth@allinone.com.vn,151408,2,9Lx9Gr0z
151550,Narong,Chua,Engineering,Junior Engineers,Vietnam,Narong.Chua@allinone.com.vn,151408,2,urjOiRZ4
151574,Seng,Sao,Engineering,Junior Engineers,Vietnam,Seng.Sao@allinone.com.vn,151408,2,rxUcMmjm
151593,Rithy,Sok,Engineering,Junior Engineers,Vietnam,Rithy.Sok@allinone.com.vn,151408,2,nDBKp44t
151610,Somchai,Kong,Engineering,Junior Engineers,Vietnam,Somchai.Kong@allinone.com.vn,151408,2,A9CBW5zm
151415,Aung,Tun,Engineering,Junior Engineers,Singapore,Aung.Tun@allinone.com.sg,151408,2,nnZ3CDV0
151417,Pich,Sun,Engineering,Junior Engineers,Singapore,Pich.Sun@allinone.com.sg,151408,2,FUQXNoBS
151419,Heng,Heng,Engineering,Junior Engineers,Singapore,Heng.Heng@allinone.com.sg,151408,2,ORipGr6D
151420,Siti,Ismail,Engineering,Junior Engineers,Singapore,Siti.Ismail@allinone.com.sg,151408,2,z33k4UaO
151426,Trung,Trinh,Engineering,Junior Engineers,Singapore,Trung.Trinh@allinone.com.sg,151408,2,TOrD5sCa
151427,Rahul,Sharma,Engineering,Junior Engineers,Singapore,Rahul.Sharma@allinone.com.sg,151408,2,yIlOmgNy
151428,Champa,Thao,Engineering,Junior Engineers,Singapore,Champa.Thao@allinone.com.sg,151408,2,uOC1erM8
151430,Rithy,Chheng,Engineering,Junior Engineers,Singapore,Rithy.Chheng@allinone.com.sg,151408,2,QBWBnwiw
151431,Mani,Raj,Engineering,Junior Engineers,Singapore,Mani.Raj@allinone.com.sg,151408,2,Vymq9Pkf
151432,Sokunthea,Phan,Engineering,Junior Engineers,Singapore,Sokunthea.Phan@allinone.com.sg,151408,2,7z43igJY
151435,Somnang,Suon,Engineering,Junior Engineers,Singapore,Somnang.Suon@allinone.com.sg,151408,2,dmjmpERy
151438,Rath,Phan,Engineering,Junior Engineers,Singapore,Rath.Phan@allinone.com.sg,151408,2,4ZWRuhCh
151440,Sok,Pich,Engineering,Junior Engineers,Singapore,Sok.Pich@allinone.com.sg,151408,2,OxkKWVqD
151425,Thuy,Phan,Engineering,Senior Engineers,Hong Kong,Thuy.Phan@allinone.com.hk,151408,2,cEKNgMq4
151466,Siv,Sun,Engineering,Junior Engineers,Hong Kong,Siv.Sun@allinone.com.hk,151408,2,zG4fmKdn
151484,Phanith,Sok,Engineering,Junior Engineers,Hong Kong,Phanith.Sok@allinone.com.hk,151408,2,q5ke6dk0
151502,Kumari,Devi,Engineering,Junior Engineers,Hong Kong,Kumari.Devi@allinone.com.hk,151408,2,Xiyy7pm5
151519,Heng,Chhour,Engineering,Junior Engineers,Hong Kong,Heng.Chhour@allinone.com.hk,151408,2,DE8LeiBd
151537,Sok,Mao,Engineering,Junior Engineers,Hong Kong,Sok.Mao@allinone.com.hk,151408,2,dktdlM7t
151559,Nara,Loo,Engineering,Junior Engineers,Hong Kong,Nara.Loo@allinone.com.hk,151408,2,0ZHZ9DZ2
151578,Chandara,Tith,Engineering,Junior Engineers,Hong Kong,Chandara.Tith@allinone.com.hk,151408,2,0xjUGyYo
151597,Arifin,Saputra,Engineering,Junior Engineers,Hong Kong,Arifin.Saputra@allinone.com.hk,151408,2,B0OKlVF3
151613,Yee,Chong,Engineering,Junior Engineers,Hong Kong,Yee.Chong@allinone.com.hk,151408,2,OWTds7SO
151433,Mani,Devi,Engineering,Operation Planning Team,Indonesia ,Mani.Devi@allinone.com.id,151408,2,Fwf7P4QJ
151476,Hakim,Rahman,Engineering,Operation Planning Team,Indonesia ,Hakim.Rahman@allinone.com.id,151408,2,YTiPJiLP
151493,Boun,Sok,Engineering,Operation Planning Team,Indonesia ,Boun.Sok@allinone.com.id,151408,2,2eJEzcwO
151510,Anh,Ly,Engineering,Operation Planning Team,Indonesia ,Anh.Ly@allinone.com.id,151408,2,Q42DKLcC
151527,Narong,Mao,Engineering,Operation Planning Team,Indonesia ,Narong.Mao@allinone.com.id,151408,2,ehRQxS4x
151546,Mani,Choudhury,Engineering,Operation Planning Team,Indonesia ,Mani.Choudhury@allinone.com.id,151408,2,VQlm6MEz
151568,Champa,Pheap,Engineering,Operation Planning Team,Indonesia ,Champa.Pheap@allinone.com.id,151408,2,zbsI4pkh
151585,Chanh,Tith,Engineering,Operation Planning Team,Indonesia ,Chanh.Tith@allinone.com.id,151408,2,zuKh1Bbf
151416,Vannak,Chen,Engineering,Senior Engineers,Malaysia,Vannak.Chen@allinone.com.my,151408,2,33YlxCzV
151436,Samsul,Rahman,Engineering,Junior Engineers,Malaysia,Samsul.Rahman@allinone.com.my,151408,2,848Wsded
151479,Narong,Chen,Engineering,Junior Engineers,Malaysia,Narong.Chen@allinone.com.my,151408,2,sEzcCea7
151495,Samsul,Saifullah,Engineering,Junior Engineers,Malaysia,Samsul.Saifullah@allinone.com.my,151408,2,pnvdDz1Y
151513,Nara,Yong,Engineering,Junior Engineers,Malaysia,Nara.Yong@allinone.com.my,151408,2,iS9I30sK
151531,Chandara,Sin,Engineering,Junior Engineers,Malaysia,Chandara.Sin@allinone.com.my,151408,2,om1rAjSa
151548,Arifin,Bakar,Engineering,Junior Engineers,Malaysia,Arifin.Bakar@allinone.com.my,151408,2,sMv9DxTI
151571,Hakim,Sulaiman,Engineering,Junior Engineers,Malaysia,Hakim.Sulaiman@allinone.com.my,151408,2,sMJkjVTZ
151444,Chinh,Le,Engineering,Senior Engineers,Singapore,Chinh.Le@allinone.com.sg,151408,2,99UCJNSr
151446,Seng,Seng,Engineering,Junior Engineers,Singapore,Seng.Seng@allinone.com.sg,151408,2,hhDviEtM
151447,Nandah,Kesavan,Engineering,Junior Engineers,Singapore,Nandah.Kesavan@allinone.com.sg,151408,2,YmXAQT0o
151448,Amirah,Ahmad,Engineering,Junior Engineers,Singapore,Amirah.Ahmad@allinone.com.sg,151408,2,FX445JlN
151450,Sokly,Sok,Engineering,Junior Engineers,Singapore,Sokly.Sok@allinone.com.sg,151408,2,8jWbbI5h
151451,Trung,Pham,Engineering,Junior Engineers,Singapore,Trung.Pham@allinone.com.sg,151408,2,KcmNZMUj
151456,Phuc,Vo,Engineering,Junior Engineers,Singapore,Phuc.Vo@allinone.com.sg,151408,2,mlop9Gc9
151458,Manoj,Singh,Engineering,Junior Engineers,Singapore,Manoj.Singh@allinone.com.sg,151408,2,YqafV0IM
151464,Chhaya,Sou,Engineering,Junior Engineers,Singapore,Chhaya.Sou@allinone.com.sg,151408,2,16EDikIS
151465,Soma,Lim,Engineering,Junior Engineers,Singapore,Soma.Lim@allinone.com.sg,151408,2,39S4hkEr
151467,Vannak,Mao,Engineering,Junior Engineers,Singapore,Vannak.Mao@allinone.com.sg,151408,2,cAHSuMwb
151468,Kumara,Seng,Engineering,Junior Engineers,Singapore,Kumara.Seng@allinone.com.sg,151408,2,sxySPKCn
151469,Sok,Heng,Engineering,Junior Engineers,Singapore,Sok.Heng@allinone.com.sg,151408,2,0AkSq9WV
151470,Siti,Saad,Engineering,Junior Engineers,Singapore,Siti.Saad@allinone.com.sg,151408,2,LsMiOXRR
151472,Anh,Truong,Engineering,Junior Engineers,Singapore,Anh.Truong@allinone.com.sg,151408,2,49wkn41Y
151477,Priya,Kaur,Engineering,Junior Engineers,Singapore,Priya.Kaur@allinone.com.sg,151408,2,TiPJzE7L
151480,Rin,Sok,Engineering,Junior Engineers,Singapore,Rin.Sok@allinone.com.sg,151408,2,3dszl5fv
151482,Sok,Chin,Engineering,Junior Engineers,Singapore,Sok.Chin@allinone.com.sg,151408,2,YoXabBXZ
151483,Chandara,Kong,Engineering,Junior Engineers,Singapore,Chandara.Kong@allinone.com.sg,151408,2,guAeWnJt
151485,Heng Meng,Sim,Engineering,Junior Engineers,Singapore,HengMeng.Sim@allinone.com.sg,151408,2,3p6qKSJD
151487,Nanda,Devan,Engineering,Junior Engineers,Singapore,Nanda.Devan@allinone.com.sg,151408,2,MUYWaCHB
151488,Pich,Phan,Engineering,Junior Engineers,Singapore,Pich.Phan@allinone.com.sg,151408,2,BWTj2o2v
151489,Anil,Sarawat,Engineering,Junior Engineers,Singapore,Anil.Sarawat@allinone.com.sg,151408,2,rlMyTJIU
151491,Nguyen,Tuan,Engineering,Junior Engineers,Singapore,Nguyen.Tuan@allinone.com.sg,151408,2,UNB1T8kS
151492,Bao,Kim,Engineering,Junior Engineers,Singapore,Bao.Kim@allinone.com.sg,151408,2,Arc3Uw2h
151494,Soma,Khun,Engineering,Junior Engineers,Singapore,Soma.Khun@allinone.com.sg,151408,2,hx2x7Lag
151496,Rina,Li,Engineering,Junior Engineers,Singapore,Rina.Li@allinone.com.sg,151408,2,zI9cPj80
151499,Koh Mong,Seng,Engineering,Junior Engineers,Singapore,KohMong.Seng@allinone.com.sg,151408,2,uMPxgk72
151500,Arifin,Siregar,Engineering,Junior Engineers,Singapore,Arifin.Siregar@allinone.com.sg,151408,2,1AZ2ryLQ
151503,Narong,Khun,Engineering,Junior Engineers,Singapore,Narong.Khun@allinone.com.sg,151408,2,ChTgGhWK
151605,Srey,Suon,Engineering,Junior Engineers,Singapore,Srey.Suon@allinone.com.sg,151408,2,vfSqZeIQ
151606,Hlaing,Myat,Engineering,Junior Engineers,Indonesia ,Hlaing.Myat@allinone.com.id,151408,2,CZxy6U2z
151607,Anh,Vo,Engineering,Junior Engineers,Singapore,Anh.Vo@allinone.com.sg,151408,2,U7N1I8Um
151608,Chin,Chen,Engineering,Junior Engineers,Malaysia,Chin.Chen@allinone.com.my,151408,2,kCK1GQN5
151609,Nara,Loo,Engineering,Junior Engineers,Singapore,Nara.Loo@allinone.com.sg,151408,2,AHJn7tG5
151611,Rith,Khun,Engineering,Junior Engineers,Singapore,Rith.Khun@allinone.com.sg,151408,2,2Ke12nIw
151612,Chinu,Nguyen,Engineering,Junior Engineers,Singapore,Chinu.Nguyen@allinone.com.sg,151408,2,lWlEPwRs
160075,James,Tan,HR,HR Team,Singapore,James.Tan@allinone.com.sg,160008,1,9uomCOdL
160302,Kumar,Sareth,HR,HR Team,Singapore,Kumar.Sareth@allinone.com.sg,160008,1,LFT5ThMe
160306,An,Van,HR,LD Team,Singapore,An.Van@allinone.com.sg,160008,2,OQACVKHE
160318,Nurong,Chua,HR,Admin Team,Singapore,Nurong.Chua@allinone.com.sg,160008,2,9T111CDK
160328,Hlaing,Myat,HR,LD Team,Singapore,Hlaing.Myat@allinone.com.sg,160008,2,5JWOXZxM
160335,Yee Meng,Chong,HR,Admin Team,Singapore,YeeMeng.Chong@allinone.com.sg,160008,2,ftPzIdu9
160065,John,Tan,HR,HR Team,Singapore,John.Tan@allinone.com.sg,160008,1,gleuzKPT
160076,Jack,Goh,HR,HR Team,Singapore,Jack.Goh@allinone.com.sg,160008,1,QJJmRGBj
160118,Derek,Chan,HR,HR Team,Singapore,Derek.Chan@allinone.com.sg,160008,1,j5ONKb3X
160135,Jaclyn,Ong,HR,HR Team,Singapore,Jaclyn.Ong@allinone.com.sg,160008,1,Prxoc4SQ
160142,Benjamin,Teo,HR,HR Team,Singapore,Benjamin.Teo@allinone.com.sg,160008,1,GJhY24TM
160143,Lucas,Lee,HR,HR Team,Singapore,Lucas.Lee@allinone.com.sg,160008,1,oHGWMHQS
160145,Mary,Wong,HR,HR Team,Singapore,Mary.Wong@allinone.com.sg,160008,1,Ivb9V83R
160146,Oliva,Yong,HR,HR Team,Singapore,Oliva.Yong@allinone.com.sg,160008,1,3s6p6Mda
160148,Henry,Lim,HR,HR Team,Singapore,Henry.Lim@allinone.com.sg,160008,1,zZYpjmCE
160155,Alexander,Heng,HR,HR Team,Singapore,Alexander.Heng@allinone.com.sg,160008,1,D3X0KKcZ
160188,Emma,Toh,HR,HR Team,Singapore,Emma.Toh@allinone.com.sg,160008,1,iGtJYDa9
160212,Charlotte,The,HR,HR Team,Singapore,Charlotte.The@allinone.com.sg,160008,1,gbmPIBds
160213,Amelia,Ng,HR,HR Team,Singapore,Amelia.Ng@allinone.com.sg,160008,1,ZfiuUooy
160218,Eva,Tan,HR,HR Team,Singapore,Eva.Tan@allinone.com.sg,160008,1,o0FeKIFi
160225,Sophia,Fu,HR,HR Team,Singapore,Sophia.Fu@allinone.com.sg,160008,1,1W1X1mWT
160258,Michael,Chen,HR,HR Team,Singapore,Michael.Chen@allinone.com.sg,160008,1,rNchw9oV
160282,Ethan,Loo,HR,HR Team,Singapore,Ethan.Loo@allinone.com.sg,160008,1,oipMVN1H
160283,Somchai,Pong,HR,HR Team,Singapore,Somchai.Pong@allinone.com.sg,160008,1,rzEZZs3J
160284,Ruth,Khu,HR,HR Team,Singapore,Ruth.Khu@allinone.com.sg,160008,1,ryzUxkv0
160286,Chin Min,Nguyen,HR,HR Team,Singapore,ChinMin@allinone.com.sg,160008,1,EUDFlZjQ
160287,Yee,Phal,HR,HR Team,Singapore,Yee.Phal@allinone.com.sg,160008,1,aGgXZkfV
160288,Heng,Seng,HR,HR Team,Singapore,Heng.Seng@allinone.com.sg,160008,1,QdVvvsMp
160289,Sokunthea,Pheap,HR,HR Team,Singapore,Sokunthea.Pheap@allinone.com.sg,160008,1,BIBdrrhP
160290,Champa,Harun,HR,HR Team,Singapore,Champa.Harun@allinone.com.sg,160008,1,veTJRest
160291,Rahim,Kesavan,HR,HR Team,Singapore,Rahim.Kesavan@allinone.com.sg,160008,1,UVAuS0rQ
160293,Hakim,Pillai,HR,HR Team,Singapore,Hakim.Pillai@allinone.com.sg,160008,1,F0481dji
160294,Trung,Truong,HR,HR Team,Singapore,Trung.Truong@allinone.com.sg,160008,1,IyJuJ28b
160295,Seng,Kong,HR,HR Team,Singapore,Seng.Kong@allinone.com.sg,160008,1,nj0kltEm
160296,Narong,Luong,HR,HR Team,Singapore,Narong.Luong@allinone.com.sg,160008,1,Z06YHpoH
160297,Phuc,Tan,HR,HR Team,Singapore,Phuc.Tan@allinone.com.sg,160008,1,2W0higDw
160298,Chandara,Wong,HR,HR Team,Singapore,Chandara.Wong@allinone.com.sg,160008,1,l8e4YiiM
160299,Soma,Ong,HR,HR Team,Singapore,Soma.Ong@allinone.com.sg,160008,1,Cd9xfwmU
160300,Siv,Tan,HR,HR Team,Singapore,Siv.Tan@allinone.com.sg,160008,1,pts4EIag
160301,Vannak,Goh,HR,HR Team,Singapore,Vannak.Goh@allinone.com.sg,160008,1,B74II22O
160303,Sok,Chan,HR,LD Team,Singapore,Sok.Chan@allinone.com.sg,160008,2,S2lOJBL7
160304,Siti,Teo,HR,LD Team,Singapore,Siti.Teo@allinone.com.sg,160008,2,49HnMEyA
160305,Chanh,Tith,HR,LD Team,Singapore,Chanh.Tith@allinone.com.sg,160008,2,DuVSAT8h
160307,Priya,Kumar,HR,LD Team,Singapore,Priya.Kumar@allinone.com.sg,160008,2,RoRq88Fd
160308,Vannah,Kesavan,HR,LD Team,Singapore,Vannah.Kesavan@allinone.com.sg,160008,2,z3Eq6KJe
160313,Srey,Sok,HR,LD Team,Singapore,Srey.Sok@allinone.com.sg,160008,2,mVa46tHS
160314,Hlaing,Devi,HR,LD Team,Singapore,Hlaing.Devi@allinone.com.sg,160008,2,NuYnzdIS
160315,Anh,Seng,HR,Admin Team,Singapore,Anh.Seng@allinone.com.sg,160008,2,N47Yegee
160316,Chin,Saputra,HR,Admin Team,Singapore,Chin.Saputra@allinone.com.sg,160008,2,5W2iTA5n
160317,Nara,Pillai,HR,Admin Team,Singapore,Nara.Pillai@allinone.com.sg,160008,2,6DVa2z9T
160323,Chandara,Ling,HR,LD Team,Singapore,Chandara.Ling@allinone.com.sg,160008,2,DLyX6FHo
160324,Soma,Seng,HR,LD Team,Singapore,Soma.Seng@allinone.com.sg,160008,2,prOfWpNk
160325,Siv,Truong,HR,LD Team,Singapore,Siv.Truong@allinone.com.sg,160008,2,uaq4QyE3
160326,Vannak,Suon,HR,LD Team,Singapore,Vannak.Suon@allinone.com.sg,160008,2,NuH1K3aa
160329,Kumara,Vo,HR,LD Team,Singapore,Kumara.Vo@allinone.com.sg,160008,2,11q6m2dm
160330,Ruth,Chen,HR,LD Team,Singapore,Ruth.Chen@allinone.com.sg,160008,2,bRmp3Loe
160331,Chinh,Loo,HR,LD Team,Singapore,Chinh.Loo@allinone.com.sg,160008,2,sgNLLaJz
160332,Yee,Kong,HR,LD Team,Singapore,Yee.Kong@allinone.com.sg,160008,2,rCcpgX60
160333,Heng,Khun,HR,LD Team,Singapore,Heng.Khun@allinone.com.sg,160008,2,XgYXEeZv
160334,Sokunthe,Nguyen,HR,LD Team,Singapore,Sokunthe.Nguyen@allinone.com.sg,160008,2,udga1uLw
160336,Champa,Phal,HR,Admin Team,Singapore,Champa.Phal@allinone.com.sg,160008,2,s71M1KFz
160337,Rahim,Seng,HR,Admin Team,Singapore,Rahim.Seng@allinone.com.sg,160008,2,QDIoHOgr
160338,Hakim,Pheap,HR,Admin Team,Singapore,Hakim.Pheap@allinone.com.sg,160008,2,8XMZXvwo
160339,Trung,Harun,HR,Admin Team,Singapore,Trung.Harun@allinone.com.sg,160008,2,RQasBI5F
171009,Seng,Kesavan,Finance,Finance Manager,Singapore,Seng.Kesavan@allinone.com.sg,170166,3,TkIxbP40
171014,Narong,Pillai,Finance,Finance Manager,Singapore,Narong.Pillai@allinone.com.sg,170166,3,3OoPlo5r
171018,Ji,Truong,Finance,Finance Manager,Singapore,Ji.Truong@allinone.com.sg,170166,3,lmIjLpCO
171029,Chandra,Kong,Finance,Finance Manager,Singapore,Chandra.Kong@allinone.com.sg,170166,3,Z2m5yBEg
171043,Rithy,Luong,Finance,Finance Manager,Singapore,Rithy.Luong@allinone.com.sg,170166,3,auFXvMKA
170208,Mani,Tan,Finance,Finance Executive,Singapore,Mani.Tan@allinone.com.sg,171009,2,ht42QYKq
170215,Sokunthea,Wong,Finance,Finance Executive,Singapore,Sokunthea.Wong@allinone.com.sg,171009,2,D4bpHwe8
170216,Mani,Ong,Finance,Finance Executive,Singapore,Mani.Ong@allinone.com.sg,171009,2,pSw1ydmR
170232,Somnang,Tan,Finance,Finance Executive,Singapore,Somnang.Tan@allinone.com.sg,171009,2,XvD3jD5Z
170233,Logan,Goh,Finance,Finance Executive,Singapore,Logan.Goh@allinone.com.sg,171009,2,G8Z9A1ub
170238,Jackson,Chan,Finance,Finance Executive,Singapore,Jackson.Chan@allinone.com.sg,171009,2,TDyBBI91
170245,Aiden,Teo,Finance,Finance Executive,Singapore,Aiden.Teo@allinone.com.sg,171009,2,GLW3mLHj
170655,Samuel,Lee,Finance,Finance Executive,Singapore,Samuel.Lee@allinone.com.sg,171009,2,uObRiG0L
170866,Susan,Lim,Finance,Finance Executive,Singapore,Susan.Lim@allinone.com.sg,171009,2,pnW7hQ6z
171008,Janice,Heng,Finance,Finance Executive,Singapore,Janice.Heng@allinone.com.sg,171009,2,dJ90oWzG
171010,Rithy,Saad,Finance,Finance Executive,Singapore,Rithy.Saad@allinone.com.sg,171014,2,o7bqHOT2
171011,Mani,Ly,Finance,Finance Executive,Singapore,Mani.Ly@allinone.com.sg,171014,2,1t3Oqq8y
171012,Koh,Truong,Finance,Finance Executive,Singapore,Koh.Truong@allinone.com.sg,171014,2,5mq01eDn
171013,Arifin,Rahman,Finance,Finance Executive,Singapore,Arifin.Rahman@allinone.com.sg,171014,2,9073YlOP
171015,Narong,Kaur,Finance,Finance Executive,Singapore,Narong.Kaur@allinone.com.sg,171018,2,tuUDb9b7
171016,Thi,Chen,Finance,Finance Executive,Singapore,Thi.Chen@allinone.com.sg,171018,2,IpxnLC8B
171017,Vannah,Sok,Finance,Finance Executive,Singapore,Vannah.Sok@allinone.com.sg,171018,2,Pw7rOy5b
171022,Srey,Lam,Finance,Finance Executive,Singapore,Srey.Lam@allinone.com.sg,171029,2,trzd946U
171023,Hlaing,Chin,Finance,Finance Executive,Singapore,Hlaing.Chin@allinone.com.sg,171029,2,ucQzx4Sj
171024,Anh,Kong,Finance,Finance Executive,Singapore,Anh.Kong@allinone.com.sg,171029,2,68PenfnE
171026,Chin,Sok,Finance,Finance Executive,Singapore,Chin.Sok@allinone.com.sg,171029,2,PhP9phWc
171027,Nara,Devan,Finance,Finance Executive,Singapore,Nara.Devan@allinone.com.sg,171029,2,7TWebDBL
171044,Chandara,Phan,Finance,Finance Executive,Singapore,Chandara.Phan@allinone.com.sg,171029,2,BIf6Jb4Q
171045,Soma,Sarawat,Finance,Finance Executive,Singapore,Soma.Sarawat@allinone.com.sg,171029,2,k4xZBbxS
171046,Siv,Tuan,Finance,Finance Executive,Singapore,Siv.Tuan@allinone.com.sg,171029,2,e8y45DRT
171047,Vannak,Kim,Finance,Finance Executive,Singapore,Vannak.Kim@allinone.com.sg,171029,2,YlFEUYl1
171048,Kumara,Sok,Finance,Finance Executive,Singapore,Kumara.Sok@allinone.com.sg,171029,2,MeAdN06L
171030,Ruth,Khun,Finance,Finance Executive,Singapore,Ruth.Khun@allinone.com.sg,171043,2,3w2ysthF
171031,Chinh,Saifullah,Finance,Finance Executive,Singapore,Chinh.Saifullah@allinone.com.sg,171043,2,Ugv9TIGs
171032,Yee,Li,Finance,Finance Executive,Singapore,Yee.Li@allinone.com.sg,171043,2,JJH2PwUI
171033,Heng,Prasad,Finance,Finance Executive,Singapore,Heng.Prasad@allinone.com.sg,171043,2,b65jJwz5
171034,Sokunthe,Seng,Finance,Finance Executive,Singapore,Sokunthe.Seng@allinone.com.sg,171043,2,Tf2ATNGb
171035,Champa,Siregar,Finance,Finance Executive,Singapore,Champa.Siregar@allinone.com.sg,171043,2,LaEnfqGq
171036,Rahim,Devi,Finance,Finance Executive,Singapore,Rahim.Devi@allinone.com.sg,171043,2,1UcFKM8H
171038,Hakim,Myat,Finance,Finance Executive,Singapore,Hakim.Myat@allinone.com.sg,171043,2,bsKVYONz
171039,Trung,Chen,Finance,Finance Executive,Singapore,Trung.Chen@allinone.com.sg,171043,2,bCL9zy03
171041,Seng,Loo,Finance,Finance Executive,Singapore,Seng.Loo@allinone.com.sg,171043,2,0INu5Qeg
171042,Narong,Kong,Finance,Finance Executive,Singapore,Narong.Kong@allinone.com.sg,171043,2,JnzKVED3
180012,Ji,Khung,Consultancy,Counsultant,Singapore,Ji.Khung@allinone.com.sg,180001,2,O3X8GVXI
180029,Chandra,Nguyen,Consultancy,Counsultant,Singapore,Chandra.Nguyen@allinone.com.sg,180001,2,JFFRPn87
180002,Rithy,Chong,Consultancy,Counsultant,Singapore,Rithy.Chong@allinone.com.sg,180001,2,9SlbBmRv
180003,Mani,Phalp,Consultancy,Counsultant,Singapore,Mani.Phalp@allinone.com.sg,180001,2,ShnFkPHj
180004,Sokunthea,Beng,Consultancy,Counsultant,Singapore,Sokunthea.Beng@allinone.com.sg,180001,2,Ks4d7u0s
180005,Mani,Pheap,Consultancy,Counsultant,Singapore,Mani.Pheap@allinone.com.sg,180001,2,vEBIl7zz
180006,Somnang,Harun,Consultancy,Counsultant,Singapore,Somnang.Harun@allinone.com.sg,180001,2,Ipdfp1Ej
180010,Samsul,Rahman,Consultancy,Counsultant,Singapore,Samsul.Rahman@allinone.com.sg,180001,2,q97Bda9l
180011,Bui Lui,Phan,Consultancy,Counsultant,Singapore,Bui Lui.Phan@allinone.com.sg,180001,2,xtJPcWfN
180013,Rahim,Pich,Consultancy,Counsultant,Singapore,Rahim.Pich@allinone.com.sg,180001,2,vkASB5JN
180014,Dewi,Hoang,Consultancy,Counsultant,Singapore,Dewi.Hoang@allinone.com.sg,180001,2,M0IN6ElZ
180015,Sokha,Kumar,Consultancy,Counsultant,Singapore,Sokha.Kumar@allinone.com.sg,180001,2,UYOvOWIY
180019,Tuan,Le,Consultancy,Counsultant,Singapore,Tuan.Le@allinone.com.sg,180001,2,kDDJRWq0
180020,Bao,Seng,Consultancy,Counsultant,Singapore,Bao.Seng@allinone.com.sg,180001,2,iuCovyeB
180021,Amara,Kesavan,Consultancy,Counsultant,Singapore,Amara.Kesavan@allinone.com.sg,180001,2,jNe5tcEH
180022,Srey,Ahmad,Consultancy,Counsultant,Singapore,Srey.Ahmad@allinone.com.sg,180001,2,luqSos4C
180023,Arifi,Sok,Consultancy,Counsultant,Singapore,Arifi.Sok@allinone.com.sg,180001,2,9eNq9QJ6
180025,Chin,Pham,Consultancy,Counsultant,Singapore,Chin.Pham@allinone.com.sg,180001,2,46ktPNHB
180026,Siti,Suon,Consultancy,Counsultant,Singapore,Siti.Suon@allinone.com.sg,180001,2,i18jFqV5
180027,Siti,Vo,Consultancy,Counsultant,Singapore,Siti.Vo@allinone.com.sg,180001,2,S3Lldumn
180030,Rina,Singh,Consultancy,Counsultant,Singapore,Rina.Singh@allinone.com.sg,180001,2,pMMauLvU
180032,Chandara,Yong,Consultancy,Counsultant,Singapore,Chandara.Yong@allinone.com.sg,180001,2,S1E6NsFp
180033,Heng Meng,Sou,Consultancy,Counsultant,Singapore,Heng Meng.Sou@allinone.com.sg,180001,2,0JUxKyNn
180034,Priya,Lim,Consultancy,Counsultant,Singapore,Priya.Lim@allinone.com.sg,180001,2,YfkK0KTN
180036,Ngoc,Sun,Consultancy,Counsultant,Singapore,Ngoc.Sun@allinone.com.sg,180001,2,flikgdQZ
180037,Manoj,Mao,Consultancy,Counsultant,Singapore,Manoj.Mao@allinone.com.sg,180001,2,FWjZYtQG
180038,Somi,Seng,Consultancy,Counsultant,Singapore,Somi.Seng@allinone.com.sg,180001,2,jUVUlLxR
190003,Chin Meng,Heng,Solutioning,Developers,Singapore,ChinMeng.Heng@allinone.com.sg,150008,2,lvsBSYKV
190004,Sok,Saad,Solutioning,Developers,Singapore,Sok.Saad@allinone.com.sg,150008,2,3yWjGfK6
190005,Tatkong,Ly,Solutioning,Developers,Singapore,Tatkong.Ly@allinone.com.sg,150008,2,zmb7UPSD
190006,Sani,Truong,Solutioning,Developers,Singapore,Sani.Truong@allinone.com.sg,150008,2,ApRU7MwE
190008,Kakim,Rahman,Solutioning,Developers,Singapore,Kakim.Rahman@allinone.com.sg,150008,2,8FRkkQ1c
190009,Siri,Kaur,Solutioning,Developers,Singapore,Siri.Kaur@allinone.com.sg,150008,2,x9AtyYyZ
190010,Rata,Chen,Solutioning,Developers,Singapore,Rata.Chen@allinone.com.sg,150008,2,RzxAyDz1
190014,Yee Meng,Sok,Solutioning,Developers,Singapore,Yee Meng.Sok@allinone.com.sg,150008,2,aKrwb6U0
190015,Wai Wai,Lam,Solutioning,Developers,Singapore,Wai Wai.Lam@allinone.com.sg,150008,2,oAnvUlw9
190016,Thin,Chin,Solutioning,Developers,Singapore,Thin.Chin@allinone.com.sg,150008,2,KMuMsaa8
190017,Nara,Kong,Solutioning,Developers,Singapore,Nara.Kong@allinone.com.sg,150008,2,dr0TVxnx
190018,Manni,Sok,Solutioning,Developers,Singapore,Manni.Sok@allinone.com.sg,150008,2,nMldNaMH
190021,An,Devan,Solutioning,Developers,Singapore,An.Devan@allinone.com.sg,150008,2,SFsMdpYl
190022,Rithe,Phan,Solutioning,Developers,Singapore,Rithe.Phan@allinone.com.sg,150008,2,coRytbB4
190024,Koh Kok,Sarawat,Solutioning,Developers,Singapore,Koh Kok.Sarawat@allinone.com.sg,150008,2,Wnc3UGlI
190025,Arifi,Tuan,Solutioning,Developers,Singapore,Arifi.Tuan@allinone.com.sg,150008,2,ZkoAyEb8
190026,Kumar,Kim,Solutioning,Developers,Singapore,Kumar.Kim@allinone.com.sg,150008,2,YlBjwX3l
190027,Narong,Sok,Solutioning,Developers,Singapore,Narong.Sok@allinone.com.sg,150008,2,TxnuSQq0
190028,Thin,Khun,Solutioning,Developers,Singapore,Thin.Khun@allinone.com.sg,150008,2,KxIUccKq
190029,Vannak,Saifullah,Solutioning,Developers,Singapore,Vannak.Saifullah@allinone.com.sg,150008,2,tNQNPDHF
190030,Phuon,Li,Solutioning,Developers,Singapore,Phuon.Li@allinone.com.sg,150008,2,5QznYCjb
190031,Sri,Prasad,Solutioning,Developers,Singapore,Sri.Prasad@allinone.com.sg,150008,2,vdxhvYA8
190032,Haing,Seng,Solutioning,Developers,Singapore,Haing.Seng@allinone.com.sg,150008,2,f8CELbqu
190033,Chin Chin,Siregar,Solutioning,Developers,Singapore,Chin Chin.Siregar@allinone.com.sg,150008,2,cY6BUXmc
190035,Kumari,Devi,Solutioning,Developers,Singapore,Kumari.Devi@allinone.com.sg,150008,2,szZbmGUG
190036,Narong,Myat,Solutioning,Developers,Singapore,Narong.Myat@allinone.com.sg,150008,2,6L2ZNG3U
190038,Heng,Chen,Solutioning,Developers,Singapore,Heng.Chen@allinone.com.sg,150008,2,hzzKux1P
190040,Rina,Loo,Solutioning,Developers,Singapore,Rina.Loo@allinone.com.sg,150008,2,Zm3LObdP
190041,Boun,Kong,Solutioning,Developers,Singapore,Boun.Kong@allinone.com.sg,150008,2,1C5gCDXK
190042,Aung,Khung,Solutioning,Developers,Singapore,Aung.Khung@allinone.com.sg,150008,2,n60etz5T
190043,Thu,Nguyen,Solutioning,Developers,Singapore,Thu.Nguyen@allinone.com.sg,150008,2,I7EbS87e
190044,Rajesh,Chong,Solutioning,Developers,Singapore,Rajesh.Chong@allinone.com.sg,150008,2,J15TjPfT
190045,Koh,Phalp,Solutioning,Developers,Singapore,Koh.Phalp@allinone.com.sg,150008,2,WTOhYoeB
190046,Somchai,Seng,Solutioning,Developers,Singapore,Somchai.Seng@allinone.com.sg,150008,2,YtBKByFI
190047,Seng,Pheap,Solutioning,Developers,Singapore,Seng.Pheap@allinone.com.sg,150008,2,SgIaCdRj
190048,Anh,Harun,Solutioning,Developers,Singapore,Anh.Harun@allinone.com.sg,150008,2,xJlWuiI9
190049,Ratana,Sulaiman,Solutioning,Developers,Singapore,Ratana.Sulaiman@allinone.com.sg,150008,2,3PM6ZOXh
190050,Bui Lui,Nguyen,Solutioning,Developers,Singapore,BuiLui.Nguyen@allinone.com.sg,150008,2,EI93haW5
190051,Rahim,Saon,Solutioning,Developers,Singapore,Rahim.Saon@allinone.com.sg,150008,2,HA6RWzaZ
190052,Dewi,Savoeun,Solutioning,Developers,Singapore,Dewi.Savoeun@allinone.com.sg,150008,2,ZIQuGDVL
190054,Sokha,Luon,Solutioning,Developers,Singapore,Sokha.Luon@allinone.com.sg,150008,2,Q3vSRAbG
190055,Tuan,Tithe,Solutioning,Developers,Singapore,Tuan.Tithe@allinone.com.sg,150008,2,ibAY36qt
190056,Bao,Lu,Solutioning,Developers,Singapore,Bao.Lu@allinone.com.sg,150008,2,zc3RQPuA
190057,Amara,Singh,Solutioning,Developers,Singapore,Amara.Singh@allinone.com.sg,150008,2,JLqifqLM
190058,Srey,Mao,Solutioning,Developers,Singapore,Srey.Mao@allinone.com.sg,150008,2,GPu0wCAU
190064,Arifi,Sapu,Solutioning,Support Team,Singapore,Arifi.Sapu@allinone.com.sg,150008,2,XaFsiTni
190091,Chin,Tran,Solutioning,Support Team,Singapore,Chin.Tran@allinone.com.sg,150008,2,Lh2Nq0GO
190092,Siti,Ahmah,Solutioning,Support Team,Singapore,Siti.Ahmah@allinone.com.sg,150008,2,hdfK88Nw
190065,Siti,Salah,Solutioning,Support Team,Malaysia,Siti.Salah@allinone.com.my,150008,2,Ox8zUF3T
190066,Rina,Siriporn,Solutioning,Support Team,Malaysia,Rina.Siriporn@allinone.com.my,150008,2,h5uHE46V
190068,Chandara,Kim,Solutioning,Support Team,Malaysia,Chandara.Kim@allinone.com.my,150008,2,inDhhZxc
190069,Heng Meng,Phan,Solutioning,Support Team,Indonesia ,HengMeng.Phan@allinone.com.id,150008,2,SZoRR04J
190074,Priya,Maliki,Solutioning,Support Team,Indonesia ,Priya.Maliki@allinone.com.id,150008,2,E8xtQsn6
190075,Ngoc,Trinh,Solutioning,Support Team,Indonesia ,Ngoc.Trinh@allinone.com.id,150008,2,zHVPN8HI
190076,Manoj,Kumar,Solutioning,Support Team,Indonesia ,Manoj.Kumar@allinone.com.id,150008,2,595uXQVz
190078,Somi,Somsri,Solutioning,Support Team,Vietnam,Somi.Somsri@allinone.com.vn,150008,2,ifnSeg1w
190079,Chin,Lim,Solutioning,Support Team,Vietnam,Chin.Lim@allinone.com.vn,150008,2,az5hHoM7
190080,Sok,Chay,Solutioning,Support Team,Hong Kong,Sok.Chay@allinone.com.hk,150008,2,9oV9yFtY
190082,Tatkong,Nguyen,Solutioning,Support Team,Hong Kong,Tatkong.Nguyen@allinone.com.hk,150008,2,4BB7IKEJ
190087,Sani,Perumal,Solutioning,Support Team,Hong Kong,Sani.Perumal@allinone.com.hk,150008,2,gKOeYt6Y
190088,Kakim,Siregar,Solutioning,Support Team,Hong Kong,Kakim.Siregar@allinone.com.hk,150008,2,ezRHvUtp
190089,Siri,Chaiyaporn,Solutioning,Support Team,Hong Kong,Siri.Chaiyaporn@allinone.com.hk,150008,2,2Uwmhh7E
190094,Rata,Keo,Solutioning,Support Team,Singapore,Rata.Keo@allinone.com.sg,150008,2,9LzwkteH
190095,Yee Meng,Lim,Solutioning,Support Team,Singapore,YeeMeng.Lim@allinone.com.sg,150008,2,4S5vXNxH
190096,Wai Wai,Yong,Solutioning,Support Team,Singapore,WaiWai.Yong@allinone.com.sg,150008,2,o9HhXsEl
190097,Thin,Pham,Solutioning,Support Team,Singapore,Thin.Pham@allinone.com.sg,150008,2,VfM0g890
190098,Nara,Sook,Solutioning,Support Team,Singapore,Nara.Sook@allinone.com.sg,150008,2,L3w0oibU
210018,Manni,Devi,IT,IT Team,Singapore,Manni.Devi@allinone.com.sg,210001,2,editAscC
210028,An,Vo,IT,IT Team,Singapore,An.Vo@allinone.com.sg,210001,2,eVZntP8I
210017,Rithe,Sok,IT,IT Team,Singapore,Rithe.Sok@allinone.com.sg,210001,2,ZZjoCkq5
210019,Koh Kok,Seng,IT,IT Team,Singapore,KohKok.Seng@allinone.com.sg,210001,2,5BFUOGAw
210020,Arifi,Saputra,IT,IT Team,Singapore,Arifi.Saputra@allinone.com.sg,210001,2,6RQIvZJG
210021,Kumar,Pillai,IT,IT Team,Singapore,Kumar.Pillai@allinone.com.sg,210001,2,JJnmjigJ
210022,Narong,Phua,IT,IT Team,Singapore,Narong.Phua@allinone.com.sg,210001,2,W6iBsroA
210023,Thin,Ling,IT,IT Team,Singapore,Thin.Ling@allinone.com.sg,210001,2,nDytIJ0U
210024,Vannak,Teng,IT,IT Team,Singapore,Vannak.Teng@allinone.com.sg,210001,2,5uOe6J7X
210025,Phuon,Truong,IT,IT Team,Singapore,Phuon.Truong@allinone.com.sg,210001,2,lKLyvRur
210026,Sri,Suon,IT,IT Team,Singapore,Sri.Suon@allinone.com.sg,210001,2,i5oxQlKe
210027,Haing,Myat,IT,IT Team,Singapore,Haing.Myat@allinone.com.sg,210001,2,zJ55NcY7
210029,Chin Chin,Chen,IT,IT Team,Singapore,ChinChin.Chen@allinone.com.sg,210001,2,TfPjnjkt
210030,Narah,Loo,IT,IT Team,Singapore,Narah.Loo@allinone.com.sg,210001,2,jheTfav0
210031,Somachai,Kong,IT,IT Team,Singapore,Somachai.Kong@allinone.com.sg,210001,2,XQdMr6Jj
210032,Rath,Khung,IT,IT Team,Singapore,Rath.Khung@allinone.com.sg,210001,2,YZhyFAA1
210033,Chin,Nguyen,IT,IT Team,Singapore,Chin.Nguyen@allinone.com.sg,210001,2,AFYaRRM5
210034,Yee Seng,Chong,IT,IT Team,Singapore,YeeSeng.Chong@allinone.com.sg,210001,2,t1a1YJxc
210035,Heng,Phalp,IT,IT Team,Singapore,Heng.Phalp@allinone.com.sg,210001,2,AaF1jccx
210036,Sokuntheap,Seng,IT,IT Team,Singapore,Sokuntheap.Seng@allinone.com.sg,210001,2,OK0p947M
210037,Champan,Pheap,IT,IT Team,Singapore,Champan.Pheap@allinone.com.sg,210001,2,fELiyJH7
210038,Kahim,Harun,IT,IT Team,Singapore,Kahim.Harun@allinone.com.sg,210001,2,WadPbCs9
210039,Halim,Sulaiman,IT,IT Team,Singapore,Halim.Sulaiman@allinone.com.sg,210001,2,YcNaqoNB
210040,Trong,Nguyen,IT,IT Team,Singapore,Trong.Nguyen@allinone.com.sg,210001,2,YSNwDDiJ
210041,Seng,Saon,IT,IT Team,Singapore,Seng.Saon@allinone.com.sg,210001,2,Tfo32RO3
210042,Naron,Savoeun,IT,IT Team,Singapore,Naron.Savoeun@allinone.com.sg,210001,2,viekve72
210043,Phuc,Luon,IT,IT Team,Singapore,Phuc.Luon@allinone.com.sg,210001,2,POOuXcid
210044,Chandara,Tithe,IT,IT Team,Singapore,tithe.chandra@allinone.com.sg,210001,2,wR6q8are
